Title,Runtime (minutes),Language,Overview,Release Date,Genre,Keywords,Actors,Director,Stream,Buy,Rent,Production Companies,Website
The Ice Age Adventures of Buck Wild,82,English,The fearless one-eyed weasel Buck teams up with mischievous possum brothers Crash & Eddie as they head off on a new adventure into Buck's home: The Dinosaur World.,2022-01-28,"Animation, Comedy, Adventure, Family","ice age, snow, spin off, polar adventure","Vincent Tong, Aaron Harris, Simon Pegg, Justina Milagros Machado, Utkarsh Ambudkar",John C. Donkin,Disney Plus ,,,"Bardel Entertainment, Walt Disney Pictures",https://www.disneyplus.com/movies/the-ice-age-adventures-of-buck-wild/43OJuKxe9b9Y
After Ever Happy,95,English,"As a shocking truth about a couple's families emerges, the two lovers discover they are not so different from each other. Tessa is no longer the sweet, simple, good girl she was when she met Hardin — any more than he is the cruel, moody boy she fell so hard for.",2022-08-24,"Romance, Drama","based on novel or book, love, teenage crush","Josephine Langford, Chance Perdomo, Louise Lombard, Rob Estes, Hero Fiennes Tiffin",Castille Landon,"Netflix, FilmBox+, Netflix basic with Ads ","Apple TV, Amazon Video, Google Play Movies, YouTube, Vudu, Microsoft Store ","Apple TV, Amazon Video, Google Play Movies, YouTube, Vudu, Microsoft Store ","Voltage Pictures, Wattpad, Vertical Entertainment, Ethea Entertainment, CalMaple Films",movie_collection_data.csv
The First Slam Dunk,125,Japanese,"Shohoku's “speedster” and point guard, Ryota Miyagi, always plays with brains and lightning speed, running circles around his opponents while feigning composure. In his second year of high school, Ryota plays with the Shohoku High School basketball team along with Sakuragi, Rukawa, Akagi, and Mitsui as they take the stage at the Inter-High School National Championship. And now, they are on the brink of challenging the reigning champions, Sannoh Kogyo High School.",2022-12-03,"Animation, Comedy, Drama","competition, basketball, high school sports, romance, tournament, based on manga, shounen, anime, dunk","Kenta Miyake, Subaru Kimura, Jun Kasama, Shinichiro Kamio, Shugo Nakamura",Takehiko Inoue,,,,"Toei Animation, Toei Company, DandeLion Animation Studio",http://gkids.com/films/the-first-slam-dunk/
Witch Trials,110,English,Two documentary filmmakers and an ex-cop investigate the disappearance of a young girl that is rumored to have been abducted by a witch in the haunted woods of Connecticut.,2022-09-16,Horror,None,"Shawn C. Phillips, Greg Nutcher, Peter Polaco, Monique Dupree, Tom Laughlin",Christopher M. Don,,,,,movie_collection_data.csv
Black Panther: Wakanda Forever,162,English,"Queen Ramonda, Shuri, M’Baku, Okoye and the Dora Milaje fight to protect their nation from intervening world powers in the wake of King T’Challa’s death.  As the Wakandans strive to embrace their next chapter, the heroes must band together with the help of War Dog Nakia and Everett Ross and forge a new path for the kingdom of Wakanda.",2022-11-09,"Action, Adventure, Science Fiction","hero, loss of loved one, superhero, royal family, based on comic, sequel, royalty, underwater, death in family, mourning, death of brother, duringcreditsstinger, death of king, marvel cinematic universe (mcu), hidden civilization, yucatan, mayans","Danai Gurira, Winston Duke, Tenoch Huerta Mejía, Lupita Nyong'o, Letitia Wright",Ryan Coogler,Disney Plus ,"Apple TV, Amazon Video, Google Play Movies, YouTube, Vudu, Microsoft Store, AMC on Demand ","Apple TV, Amazon Video, Google Play Movies, YouTube, Vudu, Microsoft Store, Spectrum On Demand ",Marvel Studios,https://wakandaforevertickets.com
Una Femmina: The Code of Silence,120,Italian,"Rosa is a young rebel girl who lives with her grandmother and her uncle in a remote part of Calabria, in Southernmost Italy. Her mother's untimely death when Rosa was a child casts a gloomy shadow on her present life.",2022-02-17,"Drama, Crime, Thriller","based on true story, family secrets, calabria, italy, cousin cousin relationship, uncle niece relationship, criminal organization, mob family, grandmother granddaughter relationship, calabrian 'ndrangheta","Fabrizio Ferracane, Lina Siciliano, Annamaria De Luca, Simona Malato, Vincenzo De Rosa",Francesco Costabile,,,,"O' Groove, Tramp Limited, Calabria Film Commission, MiC, Medusa Film",https://www.intramovies.com/production/una-femmina-the-code-of-silence
Kaguya-sama: Love Is War -The First Kiss That Never Ends-,96,Japanese,"After pining for one another and plotting for so long, Kaguya Shinomiya and Miyuki Shirogane finally have their climactic first kiss. However, they struggle to define their relationship. After all, how much of their true selves have they really shown to one another?",2022-12-17,"Animation, Comedy, Romance","high school, romantic comedy, based on manga, school life, seinen, christmas, anime","Konomi Kohara, Miyu Tomita, Makoto Furukawa, Aoi Koga, Ryota Suzuki",Mamoru Hatakeyama,,,,"A-1 Pictures, Aniplex, Shueisha, East Japan Marketing & Communications, MBS",https://kaguyasama-anime.com
Alienoid,142,Korean,"In the year 2022, a Robot Guard manages alien prisoners trapped inside human brains. Raising the young girl Ean on Earth, he lives in the guise of a human being. One day, when an alien prisoner escapes, the entire planet is thrown into jeopardy and Guard goes back to the past with Ean to trap the alien there. Meanwhile 630 years earlier during the Goryeo Dynasty, an older Ean is known as ""The Girl Who Shoots Thunder"". While Ean is trying to retrieve the Divine Blade, the key to traveling through time, Muruk, a hapless dosa (Korean tao magician), is aiming to claim the enormous bounty placed on it.",2022-07-20,"Science Fiction, Action, Fantasy, Adventure","prisoner, time warp, alien, historical fiction, goryeo dynasty, past and present, time slip, taoist wizard","Kim Woo-bin, Kim Tae-ri, Ryu Jun-yeol, Yum Jung-ah, So Ji-sub",Choi Dong-hoon,Hi-YAH ,"Apple TV, Amazon Video, Google Play Movies, YouTube, Vudu, Microsoft Store ","Apple TV, Amazon Video, Google Play Movies, YouTube, Vudu, Microsoft Store, KoreaOnDemand ",Caper Film,movie_collection_data.csv
Wyrmwood: Apocalypse,88,English,"In a zombie-infested Australian wasteland, soldier Rhys has dedicated his life to tracking and capturing survivors for the Surgeon General in hopes of finding a cure.",2022-02-10,"Action, Horror",zombie,"Tasia Zalar, Shantae Barnes-Cowan, Jay Gallagher, Bianca Bradey, Luke McKenzie",Kiah Roache-Turner,,"Apple TV, Amazon Video, Google Play Movies, YouTube, Vudu, Microsoft Store ","Apple TV, Amazon Video, Google Play Movies, YouTube, Vudu, Microsoft Store ","Bronte Pictures, Guerilla Films, Apostle Digital",https://www.wyrmwoodmovie.com.au/
Darlings,134,Hindi,"Badru hopes her volatile husband will reform if he stops drinking. But when his rage goes too far, she and her mom boldly, albeit clumsily, seek revenge.",2022-08-05,"Comedy, Crime, Thriller",None,"Vijay Varma, Rajesh Sharma, Alia Bhatt, Roshan Mathew, Shefali Shah",Jasmeet K Reen,"Netflix, Netflix basic with Ads ",,,"Red Chillies Entertainment, Eternal Sunshine Productions",https://www.netflix.com/in/title/81537953
The Valet,124,English,"World famous movie star Olivia faces a PR disaster when a paparazzi snaps a photo of her with her married lover, Vincent. The hard-working valet Antonio accidentally appears in the same photo and is enlisted to pose as Olivia’s new boyfriend as a cover-up. This ruse with Olivia thrusts Antonio into the spotlight and unexpected chaos.",2022-05-11,"Comedy, Romance","paparazzi, remake, cultural difference, billionaire, los angeles, california, family, valet, fake boyfriend, marital separation, social media, wealth differences, adulterous affair, famous actress, chance encounter","Betsy Brandt, Eugenio Derbez, Marisol Nichols, Max Greenfield, Samara Weaving",Richard Wong,Hulu ,,,"3Pas Studios, Lionsgate",https://www.hulu.com/movie/the-valet-ee848d26-cb68-4852-8364-4df3661ab66e
The Gray Man,122,English,"When a shadowy CIA agent uncovers damning agency secrets, he's hunted across the globe by a sociopathic rogue operative who's put a bounty on his head.",2022-07-13,"Action, Thriller","cia, based on novel or book, hitman, kidnapping, agent, rogue agent, hunted, ex-cia agent","Ryan Gosling, Ana de Armas, Chris Evans, Billy Bob Thornton, Jessica Henwick","Anthony Russo, Joe Russo","Netflix, Netflix basic with Ads ",,,"AGBO, Roth-Kirschenbaum Films",https://www.netflix.com/title/81160697
Everything Everywhere All at Once,140,English,"An aging Chinese immigrant is swept up in an insane adventure, where she alone can save what's important to her by connecting with the lives she could have led in other universes.",2022-03-24,"Action, Adventure, Science Fiction","mother, martial arts, kung fu, philosophy, generations conflict, chinese woman, laundromat, chinese, east asian lead, divorce, family, hot dog, asian woman, chinese immigrant, mother daughter relationship, asian american, intergenerational trauma, internal revenue service","Ke Huy Quan, Michelle Yeoh, James Hong, Stephanie Hsu, Jamie Lee Curtis","Daniel Kwan, Daniel Scheinert","Netflix, Paramount+ with Showtime, Paramount Plus Apple TV Channel , Paramount+ Amazon Channel, Showtime Roku Premium Channel, Hoopla, Showtime, Netflix basic with Ads, Showtime Apple TV Channel ","Apple TV, Amazon Video, Google Play Movies, YouTube, Vudu, Microsoft Store ","Apple TV, Amazon Video, Google Play Movies, YouTube, Vudu, Microsoft Store, Spectrum On Demand ","A24, IAC Films, AGBO, Ley Line Entertainment, TPC, Year of the Rat",https://a24films.com/films/everything-everywhere-all-at-once
Moonfall,131,English,A mysterious force knocks the moon from its orbit around Earth and sends it hurtling on a collision course with life as we know it.,2022-02-03,"Science Fiction, Adventure, Action","moon, looting, space travel, flooding, lost civilisation, alien life-form, stepfather, disaster, alternate history, apocalypse, armageddon, astronaut, space shuttle, disaster movie, trapped in space, conspiracy theorist, moon falling","Halle Berry, Patrick Wilson, John Bradley, Kelly Yu, Charlie Plummer",Roland Emmerich,"fuboTV, USA Network ","Apple TV, Amazon Video, Google Play Movies, YouTube, Vudu, Microsoft Store, AMC on Demand ","Apple TV, Amazon Video, Google Play Movies, YouTube, Vudu, Microsoft Store, FlixFling ","Centropolis Entertainment, Street Entertainment, Lionsgate, AGC Studios, Huayi Tencent Entertainment Company, Huayi Brothers International",https://moonfall.movie
Jeepers Creepers: Reborn,88,English,"Forced to travel with her boyfriend to a horror festival, Laine begins to experience disturbing visions associated with the urban legend of The Creeper. As the festival arrives and the blood-soaked entertainment builds to a frenzy, she becomes the center of it while something unearthly has been summoned.",2022-09-15,"Horror, Thriller, Mystery",None,"Sydney Craven, Peter Brooke, Jarreau Benjamin, Ocean Navarro, Imran Adams",Timo Vuorensola,Hulu ,"Apple TV, Amazon Video, Google Play Movies, YouTube, Vudu, Microsoft Store, Redbox ","Apple TV, Amazon Video, Google Play Movies, YouTube, Vudu, Microsoft Store, Redbox, Spectrum On Demand ","Orwo Studios (US), Screen Media Films, Black Hangar Studios, Infinity Films, Ink Pine Media",https://www.jeeperscreepersreborn.com/
Hocus Pocus 2,107,English,"29 years since the Black Flame Candle was last lit, the 17th-century Sanderson sisters are resurrected, and they are looking for revenge. Now it's up to three high school students to stop the ravenous witches from wreaking a new kind of havoc on Salem before dawn on All Hallow's Eve.",2022-09-30,"Fantasy, Comedy, Family","witch, high school, sibling relationship, halloween, resurrection, sister, sequel, zombie, salem, massachusetts, aftercreditsstinger, duringcreditsstinger","Bette Midler, Whitney Peak, Belissa Escobedo, Kathy Najimy, Sarah Jessica Parker",Anne Fletcher,Disney Plus ,,,"Walt Disney Pictures, Weimaraner Republic Pictures",https://www.disneyplus.com/movies/hocus-pocus-2/4Q5cWHlnVCun
Black Adam,125,English,"Nearly 5,000 years after he was bestowed with the almighty powers of the Egyptian gods—and imprisoned just as quickly—Black Adam is freed from his earthly tomb, ready to unleash his unique form of justice on the modern world.",2022-10-19,"Action, Adventure, Science Fiction","lightning, superhero, anti hero, based on comic, demon, superhero team, duringcreditsstinger, dc extended universe (dceu)","Noah Centineo, Quintessa Swindell, Sarah Shahi, Dwayne Johnson, Aldis Hodge",Jaume Collet-Serra,"Netflix, Max, Max Amazon Channel, Netflix basic with Ads ","Apple TV, Amazon Video, Google Play Movies, YouTube, Vudu, Microsoft Store, AMC on Demand ","Apple TV, Amazon Video, Google Play Movies, YouTube, Vudu, Microsoft Store, Spectrum On Demand ","New Line Cinema, Flynn Picture Company, DC Films, Seven Bucks Productions, Warner Bros. Pictures",https://www.dc.com/BlackAdam
Patriots Time,101,Russian,"The brothers Sultan and Bekzat Ibrayev are serving faithfully in the Armed Forces of Kazakhstan, and at the same time they are in family disagreement. Sultan is a valiant intelligence officer and Bekzat is a talented fighter pilot. While an international terrorist organization prepares a carefully planned attack on the country's strategically important facilities, the brothers have to face not only a mortal threat, but also face a family confrontation related to their dead father. Circumstances force them to unite in order to save human lives, and the brothers eventually understand that their homeland and family are the most valuable thing they have.",2022-04-28,"Action, War",None,"Sanurzhan Suleymenov, Sayat Isembayev, Dasten Shakirov, Daniyar Alshinov, Bekzat Eleusizov",Serikbol Utepbergenov,,,,"Kazakh Cinema, Kazakhstan Ministry of Culture, Atlas Entertainment",movie_collection_data.csv
The Adventure of A.R.I.: My Robot Friend,89,English,A teenager summons the courage to help a friendly robot known as A.R.I. kidnapped by a ruthless lab director working for a powerful corporation seeking to turn him into a dangerous weapon in order to rule the world.,2022-01-13,"Family, Science Fiction",None,"Cait Brasel, Jude Manley, Sophia Alongi, J.R. Brown, Greg Lutz",Stephen Shimek,,"Apple TV, Amazon Video, Google Play Movies, YouTube, Vudu ","Apple TV, Amazon Video, Google Play Movies, YouTube, Vudu ","Ace Entertainment, Master Key Production",movie_collection_data.csv
Fall,107,English,"For best friends Becky and Hunter, life is all about conquering fears and pushing limits. But after they climb 2,000 feet to the top of a remote, abandoned radio tower, they find themselves stranded with no way down. Now Becky and Hunter’s expert climbing skills will be put to the ultimate test as they desperately fight to survive the elements, a lack of supplies, and vertigo-inducing heights",2022-08-11,Thriller,sport climbing,"Jasper Cole, Virginia Gardner, Jeffrey Dean Morgan, Grace Caroline Currey, Mason Gooding",Scott Mann,"Starz Apple TV Channel, Starz Roku Premium Channel, Starz, Starz Amazon Channel ","Apple TV, Google Play Movies, YouTube, Vudu, Microsoft Store, AMC on Demand ","Apple TV, Google Play Movies, YouTube, Vudu, Microsoft Store, FlixFling ","Tea Shop Productions, BuzzFeed Studios, Capstone Pictures, Lionsgate",https://www.lionsgate.com/movies/fall
Attack,123,Hindi,"With the Parliament under siege, India’s first super soldier Arjun Shergill is tasked to get hold of the terrorists in the nick of time, save the Prime Minister from their clutches and stop a dirty bomb from exploding and destroying Delhi. Will Arjun succeed in his mission?",2022-04-01,"Action, Science Fiction, Thriller","parliament, super soldier, soldier, indian army","Ratna Pathak Shah, John Abraham, Serena Walia, Rakul Preet Singh, Prakash Raj",Lakshya Raj Anand,,,,"JA Entertainment, Pen Studios, Ajay Kapoor Productions",movie_collection_data.csv
Doctor Strange in the Multiverse of Madness,126,English,"Doctor Strange, with the help of mystical allies both old and new, traverses the mind-bending and dangerous alternate realities of the Multiverse to confront a mysterious new adversary.",2022-05-04,"Fantasy, Action, Adventure","magic, superhero, based on comic, alternate reality, aftercreditsstinger, duringcreditsstinger, marvel cinematic universe (mcu)","Benedict Cumberbatch, Chiwetel Ejiofor, Xochitl Gomez, Elizabeth Olsen, Benedict Wong",Sam Raimi,Disney Plus ,"Apple TV, Amazon Video, Google Play Movies, YouTube, Vudu, Microsoft Store, AMC on Demand ","Apple TV, Amazon Video, Google Play Movies, YouTube, Vudu, Microsoft Store, Spectrum On Demand ","Marvel Studios, Kevin Feige Productions",https://www.marvel.com/movies/doctor-strange-in-the-multiverse-of-madness
Uncharted,116,English,"A young street-smart, Nathan Drake and his wisecracking partner Victor “Sully” Sullivan embark on a dangerous pursuit of “the greatest treasure never found” while also tracking clues that may lead to Nathan’s long-lost brother.",2022-02-10,"Action, Adventure","lighter, treasure hunt, treasure map, based on video game, lost treasure, duringcreditsstinger, missing relative","Antonio Banderas, Tom Holland, Tati Gabrielle, Sophia Ali, Mark Wahlberg",Ruben Fleischer,"Hulu, fuboTV ","Apple TV, Amazon Video, Google Play Movies, YouTube, Vudu, Microsoft Store, AMC on Demand ","Apple TV, Amazon Video, Google Play Movies, YouTube, Vudu, Microsoft Store, Spectrum On Demand ","Columbia Pictures, Atlas Entertainment, PlayStation Productions, Arad Productions",https://www.unchartedmovie.com
Glass Onion: A Knives Out Mystery,140,English,World-famous detective Benoit Blanc heads to Greece to peel back the layers of a mystery surrounding a tech billionaire and his eclectic crew of friends.,2022-11-12,"Comedy, Crime, Mystery","detective, greece, investigation, mona lisa (la gioconda), satire, sequel, murder, billionaire, whodunit, puzzle box, clue, identical twin, murder mystery, arrested development, covid-19","Leslie Odom Jr., Daniel Craig, Kathryn Hahn, Janelle Monáe, Edward Norton",Rian Johnson,"Netflix, Netflix basic with Ads ",,,T-Street,https://glassonionmovie.com
Dragon Ball Super: Super Hero,99,Japanese,"The Red Ribbon Army, an evil organization that was once destroyed by Goku in the past, has been reformed by a group of people who have created new and mightier Androids, Gamma 1 and Gamma 2, and seek vengeance against Goku and his family.",2022-06-11,"Animation, Science Fiction, Action","android, sequel, attack, based on manga, fighting, aftercreditsstinger, duringcreditsstinger, anime","Hiroshi Kamiya, Toshio Furukawa, Yuko Minaguchi, Mamoru Miyano, Masako Nozawa",Tetsuro Kodama,"Crunchyroll, Crunchyroll Amazon Channel ","Apple TV, Amazon Video, Google Play Movies, YouTube, Vudu, Microsoft Store, AMC on Demand ","Apple TV, Amazon Video, Google Play Movies, YouTube, Vudu, Microsoft Store ","Toei Animation, Shueisha, Fuji Television Network, Bandai Namco Entertainment, Bird Studios, Toei Company",movie_collection_data.csv
Lonely Castle in the Mirror,116,Japanese,"Shy outcast Kokoro has been avoiding school for weeks when she discovers a portal in her bedroom mirror. She reaches through and finds herself transported to an enchanting castle where she is joined by six other students. When a girl in a wolf mask explains that they have been invited to play a game, the teens must work together to uncover the mysterious connection that unites them. However, anyone who breaks the rules will be eaten by a wolf.",2022-12-23,"Animation, Drama, Mystery, Fantasy","based on novel or book, survival, seinen, nervous, anime, dramatic, excited, powerful","Ami Touma, Yuki Kaji, Sakura Kiryu, Mana Ashida, Takumi Kitamura",Keiichi Hara,,"Apple TV, Amazon Video, Google Play Movies, YouTube, Vudu, Microsoft Store ","Apple TV, Amazon Video, Google Play Movies, YouTube, Vudu, Microsoft Store ","Shochiku, A-1 Pictures, Poplar, Nippon Television Network Corporation",https://gkids.com/films/lonely-castle-in-the-mirror/
Jurassic World Dominion,147,English,"Four years after Isla Nublar was destroyed, dinosaurs now live—and hunt—alongside humans all over the world. This fragile balance will reshape the future and determine, once and for all, whether human beings are to remain the apex predators ona planet they now share with history's most fearsome creatures.",2022-06-01,"Adventure, Action, Science Fiction","giant monster, sequel, dinosaur, child kidnapping, jurassic, animal sanctuary","Jeff Goldblum, Bryce Dallas Howard, Sam Neill, Chris Pratt, Laura Dern",Colin Trevorrow,"Starz Apple TV Channel, Starz Roku Premium Channel, Starz, Starz Amazon Channel ","Apple TV, Amazon Video, Google Play Movies, YouTube, Vudu, Microsoft Store, AMC on Demand ","Apple TV, Amazon Video, Google Play Movies, YouTube, Vudu, Microsoft Store, Spectrum On Demand ","Amblin Entertainment, Universal Pictures",https://www.jurassicworld.com
The Exorcism of God,98,English,"An American priest working in Mexico is considered a saint by many local parishioners. However, due to a botched exorcism, he carries a secret that’s eating him alive until he gets an opportunity to face his demon one final time.",2022-03-11,"Horror, Crime, Drama, Fantasy","prison, small town, mexico, exorcism, possession, possessed, exorcist","María Gabriela de Faría, Joseph Marcell, Will Beinbrink, Hector Kotsifakis, Irán Castillo",Alejandro Hidalgo,Starz Apple TV Channel ,"Apple TV, Amazon Video, Google Play Movies, YouTube, Vudu, Microsoft Store ","Apple TV, Amazon Video, Google Play Movies, YouTube, Vudu, Microsoft Store ",Epica Pictures INC,movie_collection_data.csv
The School for Good and Evil,146,English,Best friends Sophie and Agatha navigate an enchanted school for young heroes and villains — and find themselves on opposing sides of the battle between good and evil.,2022-10-19,"Fantasy, Comedy, Adventure, Drama","school of witchcraft, school, based on young adult novel, good versus evil, teenager","Kerry Washington, Sofia Wylie, Charlize Theron, Laurence Fishburne, Sophia Anne Caruso",Paul Feig,"Netflix, Netflix basic with Ads ",,,"Feigco Entertainment, Jane Startz Productions, Roth Films",https://www.netflix.com/title/80218885
DC League of Super-Pets,105,English,"When Superman and the rest of the Justice League are kidnapped, Krypto the Super-Dog must convince a rag-tag shelter pack - Ace the hound, PB the potbellied pig, Merton the turtle and Chip the squirrel - to master their own newfound powers and help him rescue the superheroes.",2022-07-27,"Animation, Action, Family, Comedy, Science Fiction","superhero, based on comic, super power, aftercreditsstinger, duringcreditsstinger, evil mastermind, talking animal","John Krasinski, Keanu Reeves, Kate McKinnon, Dwayne Johnson, Kevin Hart",Jared Stern,"Max, Max Amazon Channel ","Apple TV, Amazon Video, Google Play Movies, YouTube, Vudu, Microsoft Store, AMC on Demand ","Apple TV, Amazon Video, Google Play Movies, YouTube, Vudu, Microsoft Store, Spectrum On Demand ","Warner Bros. Pictures Animation, DC Entertainment, Seven Bucks Productions, Warner Bros. Pictures",https://www.dcleagueofsuperpets.com
Sri Asih,134,Indonesian,"Alana discover the truth about her origin: she’s not an ordinary human being. She may be the gift for humanity and become its protector as Sri Asih. Or a destruction, if she can’t control her anger.",2022-11-17,"Action, Adventure, Science Fiction, Fantasy, Drama","bumi langit, jagat sinema bumilangit, sri asih","Christine Hakim, Reza Rahadian, Pevita Pearce, Dimas Anggara, Jefri Nichol",Upi Avianto,,"Apple TV, Amazon Video, Google Play Movies, YouTube, Vudu, Microsoft Store ","Apple TV, Amazon Video, Google Play Movies, YouTube, Vudu, Microsoft Store ","Screenplay Films, SK Global Entertainment, Legacy Pictures, DMMX Media, Adhya Group, Adhya Pictures, Bumilangit Studios",movie_collection_data.csv
Three Thousand Years of Longing,108,English,"A solitary scholar discovers an ancient bottle while on a trip to Istanbul and unleashes a djinn who offers her three wishes. Filled with reluctance, she is unable to come up with one, so the djinn tries to inspire her with his stories.",2022-08-24,"Drama, Adventure, Fantasy, Romance","mythology, longing, djinn, desire, storytelling, wish fulfillment, genie, public speaking, istanbul, turkey, scholar, lonely woman, wishes, doctorate, romantic","Tilda Swinton, Erdil Yaşaroğlu, Sarah Houbolt, Idris Elba, Sabrina Elba",George Miller,"Amazon Prime Video, fuboTV, MGM Plus Amazon Channel, MGM Plus Roku Premium Channel, MGM Plus ","Apple TV, Google Play Movies, YouTube, Vudu, Microsoft Store ","Apple TV, Amazon Video, Google Play Movies, YouTube, Vudu, Microsoft Store ","FilmNation Entertainment, Elevate Production Finance, Sunac Pictures, Kennedy Miller Mitchell",https://www.mgm.com/movies/3000-years-of-longing
Agent Game,90,English,"Harris, a CIA interrogator at an Agency black site, finds himself the target of a rendition operation after being scapegoated for an interrogation gone horribly wrong. As the team tasked to bring Harris in begins to question their orders -- and each other --Olsen, a senior intelligence officer, and his subordinate, Visser, raise the stakes. Now, it's up to Harris and some newfound allies to uncover the truth and turn the tables.",2022-04-08,"Action, Thriller","investigation, murder, betrayal, conspiracy, government agent, manhunt","Jason Isaacs, Katie Cassidy, Dermot Mulroney, Adan Canto, Mel Gibson",Grant S. Johnson,Showtime Apple TV Channel ,"Apple TV, Amazon Video, Google Play Movies, YouTube, Vudu, Microsoft Store, AMC on Demand ","Apple TV, Amazon Video, Google Play Movies, YouTube, Vudu, Microsoft Store ","Taylor & Dodge, Project Infinity",movie_collection_data.csv
Sonic the Hedgehog 2,123,English,"After settling in Green Hills, Sonic is eager to prove he has what it takes to be a true hero. His test comes when Dr. Robotnik returns, this time with a new partner, Knuckles, in search for an emerald that has the power to destroy civilizations. Sonic teams up with his own sidekick, Tails, and together they embark on a globe-trotting journey to find the emerald before it falls into the wrong hands.",2022-03-30,"Action, Adventure, Family, Comedy","mad scientist, sequel, revenge, based on video game, duringcreditsstinger, hedgehog, live action and animation","Idris Elba, Tika Sumpter, Colleen O'Shaughnessey, James Marsden, Ben Schwartz",Jeff Fowler,"Paramount Plus, Paramount Plus Apple TV Channel  ","Apple TV, Amazon Video, Google Play Movies, YouTube, Vudu, Microsoft Store, AMC on Demand ","Apple TV, Amazon Video, Google Play Movies, YouTube, Vudu, Microsoft Store, Spectrum On Demand ","Original Film, Blur Studio, Marza Animation Planet, Paramount, SEGA, SEGA of America",https://www.paramountmovies.com/movies/sonic-the-hedgehog-2
Avatar: The Way of Water,192,English,"Set more than a decade after the events of the first film, learn the story of the Sully family (Jake, Neytiri, and their kids), the trouble that follows them, the lengths they go to keep each other safe, the battles they fight to stay alive, and the tragedies they endure.",2022-12-14,"Science Fiction, Adventure, Action","dying and death, loss of loved one, alien life-form, resurrection, dysfunctional family, sequel, alien planet, distant future, adopted child, rebirth, family dynamics, adopted son, stronger villain, war","Sam Worthington, Stephen Lang, Kate Winslet, Sigourney Weaver, Zoe Saldaña",James Cameron,"Disney Plus, Max, Max Amazon Channel ","Apple TV, Amazon Video, Google Play Movies, YouTube, Vudu, Microsoft Store, AMC on Demand ","Apple TV, Amazon Video, Google Play Movies, YouTube, Vudu, Microsoft Store, Spectrum On Demand ","20th Century Studios, Lightstorm Entertainment",https://www.avatar.com/movies/avatar-the-way-of-water
The Next 365 Days,112,Polish,Laura and Massimo's relationship hangs in the balance as they try to overcome trust issues while a tenacious Nacho works to push them apart.,2022-08-19,"Romance, Drama","gangster, bdsm, rich man poor woman","Anna-Maria Sieklucka, Magdalena Lamparska, Otar Saralidze, Michele Morrone, Simone Susinna","Tomasz Mandes, Barbara Białowąs","Netflix, Netflix basic with Ads ",,,"Ekipa, Future Space, Next Film, TVN Group",https://www.netflix.com/title/81397579
The Exorcism of Hannah Stevenson,75,English,"Hannah and Matt, a young couple on their first holiday together, quickly discover that they may not see eye-to-eye. Feeling as though she let her boyfriend down, Hannah enlists the help of a mysterious gypsy woman, in the hope that the couple's troubles can be overcome. However, when Matt wakes to find his girlfriend has disappeared, the gypsy woman's sinister intentions become all too clear.",2022-03-14,"Fantasy, Horror",None,"Edward Gist, Howard Lewis Morgan, Charlie Downes, Hannah Rose, Tom Hogan",Jason Parker,,"Apple TV, Amazon Video, Google Play Movies, YouTube, Vudu ","Apple TV, Amazon Video, Google Play Movies, YouTube, Vudu ",,movie_collection_data.csv
Orphan: First Kill,99,English,"After escaping from an Estonian psychiatric facility, Leena Klammer travels to America by impersonating Esther, the missing daughter of a wealthy family. But when her mask starts to slip, she is put against a mother who will protect her family from the murderous “child” at any cost.",2022-07-27,"Horror, Thriller","psychopath, family secrets, prequel, murder, impersonator, mental patient, psycho killer, escaped mental patient, missing daughter, estonia, female psychopath","Matthew Finlan, Isabelle Fuhrman, Hiro Kanagawa, Rossif Sutherland, Julia Stiles",William Brent Bell,"Amazon Prime Video, MGM Plus Amazon Channel, Paramount Plus, Paramount Plus Apple TV Channel , Paramount+ Amazon Channel, MGM Plus Roku Premium Channel, MGM Plus ","Apple TV, Amazon Video, Google Play Movies, YouTube, Vudu, Microsoft Store, AMC on Demand ","Apple TV, Amazon Video, Google Play Movies, YouTube, Vudu, Microsoft Store, FlixFling, Spectrum On Demand ","Dark Castle Entertainment, Entertainment One, Eagle Vision",movie_collection_data.csv
A Woman,93,French,"Juliane, a police commissioner in Paris, is a woman with great moral integrity. But when she discovers her husband’s double life, she starts committing acts she never would have thought herself capable of.",2022-10-05,Drama,None,"Héloïse Bousquet, Sophie Marceau, Cristina Flutur, Michaël Erpelding, Johan Heldenbergh",Jean-Paul Civeyrac,,,,"Moby Dick Films, Iliade et Films, OCS",movie_collection_data.csv
The Whale,117,English,A reclusive English teacher suffering from severe obesity attempts to reconnect with his estranged teenage daughter for one last chance at redemption.,2022-12-09,Drama,"regret, nurse, missionary, idaho, bible, redemption, overweight man, addiction, based on play or musical, teacher, grief, neighbor, obesity, religion, death of lover, election, rebellious daughter, guilt, death, lgbt, sister-in-law, eating disorder, father daughter reunion, empathy, shame, english teacher, abandonment, one location, father daughter relationship, 2010s, gay theme, apartment, essay, food addiction, religious symbolism","Brendan Fraser, Samantha Morton, Ty Simpkins, Sadie Sink, Hong Chau",Darren Aronofsky,"fuboTV, Paramount+ with Showtime, Paramount Plus Apple TV Channel , Paramount+ Amazon Channel, Showtime Roku Premium Channel, Hoopla, Showtime, Showtime Apple TV Channel ","Apple TV, Amazon Video, Google Play Movies, YouTube, Vudu, Microsoft Store ","Apple TV, Amazon Video, Google Play Movies, YouTube, Vudu, Microsoft Store, Spectrum On Demand ","A24, Protozoa Pictures",https://a24films.com/films/the-whale
The OctoGames,88,English,"Eight contestants compete in eight deadly, classic children's games. They seek fame beyond their wildest dreams, competing for the chance to take over the YouTube channel of the famous yet elusive masked content creator known only as ""JaxPro"".",2022-10-07,"Thriller, Action, Horror",None,"Cale Adcock, Lacy Hartselle, Allison Shrum, Henry Haggard, Luv Patel",Aaron Mirtes,,"Amazon Video, Google Play Movies, YouTube, Vudu, Microsoft Store ","Amazon Video, Google Play Movies, YouTube, Vudu, Microsoft Store ","Exit 10 Films, LLC, High Octane Pictures",movie_collection_data.csv
Mega Lightning,90,English,"After a violent thunderstorm scares a house party, the guests flee to a nearby home for shelter.. only to discover, a more sinister hand is at play.. Now, they can't escape the strangers home due to the thunderstorm, but they can't stay inside due to the danger that follows them.",2022-12-05,"Action, Horror, Science Fiction",lightning,"Kelly Rian Sanson, May Kelly, Gillian Broderick, Chris Cordell, Richard Kovacs",David Gregory,,"Amazon Video, Vudu, Redbox ","Amazon Video, Vudu, Redbox ",Jagged Edge Productions,movie_collection_data.csv
Reign of Chaos,77,English,"When the world is gripped by a plague unleashed by the evil lord Chaos, and humans are turned into rabid creatures, mankind can only be saved by three young women, descendants of a Goddess, with the power to stop Chaos' evil.",2022-04-12,"Action, Horror, Fantasy","chaos, dystopia, warrior woman","Peter Cosgrove, Ray Whelan, Mark Sears, Rebecca Finch, Kate Milner Evans",Rebecca Matthews,,"Apple TV, Amazon Video, Google Play Movies, YouTube ","Apple TV, Amazon Video, Google Play Movies, YouTube ",Proportion Productions,movie_collection_data.csv
Puss in Boots: The Last Wish,103,English,"Puss in Boots discovers that his passion for adventure has taken its toll: He has burned through eight of his nine lives, leaving him with only one life left. Puss sets out on an epic journey to find the mythical Last Wish and restore his nine lives.",2022-12-07,"Animation, Adventure, Fantasy, Comedy, Action, Family","fairy tale, sequel, talking dog, spin off, aftercreditsstinger, talking cat, fear of death","Florence Pugh, Antonio Banderas, Harvey Guillén, Wagner Moura, Salma Hayek Pinault",Joel Crawford,"Netflix, Netflix basic with Ads ","Apple TV, Amazon Video, Google Play Movies, YouTube, Vudu, Microsoft Store, AMC on Demand ","Apple TV, Amazon Video, Google Play Movies, YouTube, Vudu, Microsoft Store, FlixFling, Spectrum On Demand ",DreamWorks Animation,https://www.dreamworks.com/movies/puss-in-boots-the-last-wish
365 Days: This Day,111,Polish,"Laura and Massimo are back and hotter than ever. But the reunited couple's new beginning is complicated by Massimo’s family ties and a mysterious man who enters Laura’s life to win her heart and trust, at any cost.",2022-04-27,"Romance, Drama","gangster, sequel, bdsm, rich man poor woman, erotique","Anna-Maria Sieklucka, Magdalena Lamparska, Otar Saralidze, Michele Morrone, Simone Susinna","Tomasz Mandes, Barbara Białowąs","Netflix, Netflix basic with Ads ",,,"Ekipa, Future Space, Next Film, TVN Group",https://www.netflix.com/title/81397576
The Menu,107,English,"A young couple travels to a remote island to eat at an exclusive restaurant where the chef has prepared a lavish menu, with some shocking surprises.",2022-11-17,"Comedy, Thriller, Horror","psychopath, obsession, mass murder, restaurant, dark comedy, revenge, food, dinner, chef, food critic, remote island, french cuisine, culinary arts, fine dining, haute cuisine","Anya Taylor-Joy, Ralph Fiennes, Paul Adelstein, Janet McTeer, Nicholas Hoult",Mark Mylod,"Hulu, Max, Max Amazon Channel ","Apple TV, Amazon Video, Google Play Movies, YouTube, Vudu, Microsoft Store, AMC on Demand ","Apple TV, Amazon Video, Google Play Movies, YouTube, Vudu, Microsoft Store, Spectrum On Demand ","Hyperobject Industries, Searchlight Pictures, Gary Sanchez Productions, TSG Entertainment",https://searchlightpictures.com/the-menu
The Sea Beast,119,English,"In an era when terrifying beasts roamed the seas, monster hunters were celebrated heroes. None were more beloved than the great Jacob Holland. But when young Maisie Brumble stows away on his fabled ship, he's saddled with an unexpected ally. Together they embark on an epic journey into uncharted waters and make history.",2022-06-24,"Animation, Adventure, Family, Fantasy","ship, orphan, sea monster, 17th century","Jared Harris, Marianne Jean-Baptiste, Karl Urban, Benjamin Plessala, Zaris-Angel Hator",Chris Williams,"Netflix, Netflix basic with Ads ",,,Netflix,https://www.netflix.com/title/81018682
X,106,English,"In 1979, a group of young filmmakers set out to make an adult film in rural Texas, but when their reclusive, elderly hosts catch them in the act, the cast find themselves fighting for their lives.",2022-03-17,"Horror, Thriller, Mystery","van, sheriff, war veteran, gas station, shotgun, 1970s, texas, alligator, porn star, serial killer, slasher, porn actress, elderly couple, isolated farmhouse, existentialism","Kid Cudi, Brittany Snow, Mia Goth, Jenna Ortega, Martin Henderson",Ti West,"Netflix, fuboTV, Paramount+ with Showtime, Paramount Plus Apple TV Channel , Paramount+ Amazon Channel, Showtime Roku Premium Channel, Hoopla, Showtime, Showtime Apple TV Channel ","Apple TV, Amazon Video, Google Play Movies, YouTube, Vudu, Microsoft Store ","Apple TV, Amazon Video, Google Play Movies, YouTube, Vudu, Microsoft Store ","A24, Little Lamb Productions",https://a24films.com/films/x
Dead for a Dollar,106,English,"In 1897, veteran bounty hunter Max Borlund is deep into Mexico where he encounters professional gambler and outlaw Joe Cribbens — a sworn enemy he sent to prison years before. Max is on a mission to find and return Rachel Kidd, the wife of a wealthy businessman, who as the story is told to Max, has been abducted by Buffalo Soldier Elijah Jones. Max is ultimately faced with a showdown to save honor.",2022-09-30,"Western, Thriller, Action",None,"Benjamin Bratt, Hamish Linklater, Rachel Brosnahan, Christoph Waltz, Willem Dafoe",Walter Hill,"fuboTV, Paramount+ with Showtime, Paramount Plus Apple TV Channel , Paramount+ Amazon Channel, Showtime Roku Premium Channel, Hoopla, Showtime, Showtime Apple TV Channel ","Apple TV, Amazon Video, Google Play Movies, YouTube, Vudu, Microsoft Store ","Apple TV, Amazon Video, Google Play Movies, YouTube, Vudu, Microsoft Store ","Chaos, a Film Company, Polaris Pictures",movie_collection_data.csv
Slash/Back,87,English,"In a remote Arctic community, a group of Inuit girls fight off an alien invasion, all while trying to make it to the coolest party in town.",2022-06-24,"Science Fiction, Action, Thriller, Horror",None,"Tasiana Shirley, Frankie Vincent-Wolfe, Nalajoss Ellsworth, Chelsea Prusky, Alexis Wolfe",Nyla Innuksuk,"Hulu, AMC+ Amazon Channel, Hoopla, Shudder, Shudder Amazon Channel, Shudder Apple TV Channel ","Apple TV, Amazon Video, Google Play Movies, YouTube, Vudu, Microsoft Store, Redbox ","Apple TV, Amazon Video, Google Play Movies, YouTube, Vudu, Microsoft Store, Redbox ","Good Question Media, Mixtape VR, Red Marrow Media, Scythia Films, Stellar Citizens",movie_collection_data.csv
Fantastic Beasts: The Secrets of Dumbledore,142,English,"Professor Albus Dumbledore knows the powerful, dark wizard Gellert Grindelwald is moving to seize control of the wizarding world. Unable to stop him alone, he entrusts magizoologist Newt Scamander to lead an intrepid team of wizards and witches. They soon encounter an array of old and new beasts as they clash with Grindelwald's growing legion of followers.",2022-04-06,"Fantasy, Adventure","prison, witch, berlin, germany, magic, election campaign, curse, bhutan, fantasy world, wizard, magical creature, 1930s, good versus evil, wizarding world","Jude Law, Mads Mikkelsen, Eddie Redmayne, Dan Fogler, Ezra Miller",David Yates,"Max, Max Amazon Channel ","Apple TV, Amazon Video, Google Play Movies, YouTube, Vudu, Microsoft Store, AMC on Demand ","Apple TV, Amazon Video, Google Play Movies, YouTube, Vudu, Microsoft Store, Spectrum On Demand ","Warner Bros. Pictures, Heyday Films",https://www.fantasticbeasts.com
Smile,115,English,"After witnessing a bizarre, traumatic incident involving a patient, Dr. Rose Cotter starts experiencing frightening occurrences that she can't explain.",2022-09-23,"Horror, Mystery, Thriller","suicide, post-traumatic stress disorder (ptsd), therapist, detective, paranoia, trauma, curse, hospital, doctor, mental illness, evil, psychotic, self-harm, demonic, based on short film","Caitlin Stasey, Kyle Gallner, Kal Penn, Jessie T. Usher, Sosie Bacon",Parker Finn,"Amazon Prime Video, fuboTV, MGM Plus Amazon Channel, Paramount Plus, Paramount Plus Apple TV Channel , Paramount+ Amazon Channel, Paramount+ Roku Premium Channel, MGM Plus ","Apple TV, Amazon Video, Google Play Movies, YouTube, Vudu, Microsoft Store, AMC on Demand ","Apple TV, Amazon Video, Google Play Movies, YouTube, Vudu, Microsoft Store, Spectrum On Demand ","Paramount Players, Temple Hill Entertainment",https://www.smile.movie/
20th Century Girl,119,Korean,"Yeon-du asks her best friend Bora to collect all the information she can about Baek Hyun-jin while she is away in the U.S. for heart surgery. Bora decides to get close to Baek's best friend, Pung Woon-ho first. However, Bora's clumsy plan unfolds in an unexpected direction. In 1999, a year before the new century, Bora, who turns seventeen, falls into the fever of first love.",2022-10-06,"Romance, Drama","coming of age, teenage girl, first love, nostalgic, city life, coming out of habits, fresh city, dreaming of a girl, watch on youtalkies","Roh Yoon-seo, Park Jung-woo, Byeon Woo-seok, Kim Sung-kyung, Kim You-jung",Bang Woo-ri,"Netflix, Netflix basic with Ads ",,,"Yong Film Inc., CJ ENM Studios",movie_collection_data.csv
Morbius,105,English,"Dangerously ill with a rare blood disorder, and determined to save others suffering his same fate, Dr. Michael Morbius attempts a desperate gamble. What at first appears to be a radical success soon reveals itself to be a remedy potentially worse than the disease.",2022-03-30,"Action, Science Fiction, Fantasy","vampire, based on comic, duringcreditsstinger, supervillain, it's morbin time","Jared Harris, Adria Arjona, Al Madrigal, Jared Leto, Matt Smith",Daniel Espinosa,"Disney Plus, fuboTV ","Apple TV, Amazon Video, Google Play Movies, YouTube, Vudu, Microsoft Store, AMC on Demand ","Apple TV, Amazon Video, Google Play Movies, YouTube, Vudu, Microsoft Store, Spectrum On Demand ","Columbia Pictures, Matt Tolmach Productions, Arad Productions",https://www.sonypictures.com/movies/morbius
Decision to Leave,138,Korean,"From a mountain peak in South Korea, a man plummets to his death. Did he jump, or was he pushed? When detective Hae-joon arrives on the scene, he begins to suspect the dead man’s wife Seo-rae. But as he digs deeper into the investigation, he finds himself trapped in a web of deception and desire.",2022-06-29,"Thriller, Mystery, Romance","sea, secret love, police, widow, detective, mountain, investigation, language barrier, forbidden love, foreign language, love, audio recording, phone, mountain climbing, murder mystery, murder suspect, busan, south korea, south korea, police procedural","Park Yong-woo, Lee Jung-hyun, Go Kyung-pyo, Park Hae-il, Tang Wei",Park Chan-wook,"MUBI, MUBI Amazon Channel ","Apple TV, Amazon Video, Vudu ","Apple TV, Amazon Video, Vudu ",Moho Film,movie_collection_data.csv
Beast,93,English,"A recently widowed man and his two teenage daughters travel to a game reserve in South Africa. However, their journey of healing soon turns into a fight for survival when a bloodthirsty lion starts to stalk them.",2022-08-11,"Thriller, Action, Horror, Adventure, Drama",wild animal,"Sharlto Copley, Martin Munro, Leah Sava Jeffries, Idris Elba, Iyana Halley",Baltasar Kormákur,Peacock Premium ,"Apple TV, Amazon Video, Google Play Movies, YouTube, Vudu, Microsoft Store, AMC on Demand ","Apple TV, Amazon Video, Google Play Movies, YouTube, Vudu, Microsoft Store, FlixFling, Spectrum On Demand ","RVK Studios, Will Packer Productions, Universal Pictures",https://www.beastmovie.com
Before Night Falls,102,Indonesian,"A reporter and his cameraman investigate Nina, a young woman who is in pasung because she has a mental disorder that turns out to be something mystical.",2022-03-31,"Horror, Drama, Mystery",found footage,"Jeffry Reksa, Fajar K. Effendi, Annette Edoarda, Novia Bachmid, Tien Kadaryono",Helfi C.H. Kardit,,,,"Silent D Pictures, Helroad Films",movie_collection_data.csv
The One Hundred,85,Thai,"A quarantine hotel where overseas travellers stay in isolation to curb the spread of a contagious virus, but they soon become prey to a strange breed of a 100-legged monster.",2022-10-06,"Thriller, Horror, Science Fiction","quarantine, monster, centipede","Paramej Noiam, Kulteera Yordchang, David Asavanond, Mike Angelo, Chanya McClory","Chalit Krileadmongkon, Pakphum Wongjinda",Amazon Prime Video ,"Apple TV, Amazon Video, Google Play Movies, YouTube, Microsoft Store ","Apple TV, Amazon Video, Google Play Movies, YouTube, Microsoft Store ","FatCat Animation Studio, Neramitnung Film",movie_collection_data.csv
Deep Water,116,English,"Vic and Melinda Van Allen are a couple in the small town of Little Wesley. Their loveless marriage is held together only by a precarious arrangement whereby, in order to avoid the messiness of divorce, Melinda is allowed to take any number of lovers as long as she does not desert her family.",2022-03-18,"Drama, Mystery, Thriller","based on novel or book, marriage, dysfunctional marriage, murder, cuckold, erotic thriller, cuckolded husband, psychological, snails","Dash Mihok, Lil Rel Howery, Ben Affleck, Ana de Armas, Tracy Letts",Adrian Lyne,Hulu ,,,"New Regency Pictures, Entertainment 360, Film Rites, Keep Your Head Productions",https://www.hulu.com/movie/deep-water-2c4ae82e-2c1b-41d5-a651-82189d1c8b2c
Infiltration,110,Russian,"Ivan sets off on a dangerous mission into Syria to save his ex-commander Grey after his capture by ISIS. With the help of U.S. military patrols, he succeeds in freeing Grey and attempts to escape the country while being hunted by terrorists.",2022-06-02,"War, Drama",None,"Vitaly Kishchenko, Kristina Asmus, Viktor Sukhorukov, Artyom Tkachenko, Aleksey Chadov",Aleksey Chadov,,"Apple TV, YouTube, Vudu, Microsoft Store ","Apple TV, YouTube, Vudu, Microsoft Store ","CTB Film Company, Film company ""22""",movie_collection_data.csv
All Quiet on the Western Front,147,German,"Paul Baumer and his friends Albert and Muller, egged on by romantic dreams of heroism, voluntarily enlist in the German army. Full of excitement and patriotic fervour, the boys enthusiastically march into a war they believe in. But once on the Western Front, they discover the soul-destroying horror of World War I.",2022-10-07,"Drama, War, Action","based on novel or book, world war i, tank, battle, period drama, german soldier, 1910s, aircraft, trench warfare","Adrian Grünewald, Albrecht Schuch, Felix Kammerer, Moritz Klaus, Aaron Hilmer",Edward Berger,"Netflix, Netflix basic with Ads ",,,"Amusement Park Films, Gunpowder Films",https://www.netflix.com/title/81260280
Project Wolf Hunting,122,Korean,"While under heavily armed guard, the dangerous convicts aboard a cargo ship unite in a coordinated escape attempt that soon escalates into a bloody, all-out riot. But as the fugitives continue their brutal campaign of terror, they soon discover that not even the most vicious among them is safe from the horror they unknowingly unleashed from the darkness below deck.",2022-09-21,"Action, Thriller, Horror, Crime","prison, ship, pacific, extreme violence","Jang Dong-yoon, Jeong So-min, Ko Chang-seok, Seo In-guk, Park Ho-san",Kim Hong-sun,"Screambox Amazon Channel, Hi-YAH ","Apple TV, Amazon Video, Google Play Movies, YouTube, Vudu, Microsoft Store ","Apple TV, Amazon Video, Google Play Movies, YouTube, Vudu, Microsoft Store ","The Contents On, Contents G, Cheum Film, Finecut",movie_collection_data.csv
Redeeming Love,134,English,A retelling of the biblical book of Hosea set against the backdrop of the California Gold Rush of 1850.,2022-01-21,"Romance, Drama, Western","california, rape, prayer, love at first sight, gold rush, evangelical christianity, incest, self-doubt, misogyny, brothel madam, 19th century, self reflection, child prostitution, child selling, misandry, christian film, christian faith, biblical, 1850s, hosea","Abigail Cowen, Famke Janssen, Eric Dane, Tom Lewis, Logan Marshall-Green",D. J. Caruso,"Starz Apple TV Channel, Starz Roku Premium Channel, Starz, Starz Amazon Channel ","Apple TV, Amazon Video, Google Play Movies, YouTube, Vudu, Microsoft Store, AMC on Demand ","Apple TV, Amazon Video, Google Play Movies, YouTube, Vudu, Microsoft Store ","Mission Pictures International, Nthibah Pictures, Advantage Entertainment, Pinnacle Peak Pictures",https://redeeminglovemovie.com/
Aftersun,102,English,Sophie reflects on the shared joy and private melancholy of a holiday she took with her father twenty years earlier. Memories real and imagined fill the gaps between miniDV footage as she tries to reconcile the father she knew with the man she didn't.,2022-10-21,Drama,"hotel, depression, karaoke, tourist, melancholy, vacation, turkey, swimming pool, coming of age, memory, tai chi, family vacation, first kiss, teenage daughter, lgbt, video recorder, woman director, moody, rug, father daughter relationship, reminiscing, gay theme, bittersweet","Brooklyn Toulson, Frankie Corio, Sally Messham, Paul Mescal, Celia Rowlson-Hall",Charlotte Wells,"fuboTV, Paramount+ with Showtime, Paramount Plus Apple TV Channel , Paramount+ Amazon Channel, Showtime Roku Premium Channel, Hoopla, Showtime, Showtime Apple TV Channel ","Apple TV, Amazon Video, Google Play Movies, YouTube, Vudu, Microsoft Store ","Apple TV, Amazon Video, Google Play Movies, YouTube, Vudu, Microsoft Store, Spectrum On Demand ","PASTEL, BBC Film, Tango Entertainment, Unified Theory, Screen Scotland, BFI, AZ Celtic Films",https://a24films.com/films/aftersun
Turning Red,100,English,"Thirteen-year-old Mei is experiencing the awkwardness of being a teenager with a twist – when she gets too excited, she transforms into a giant red panda.",2022-03-10,"Animation, Family, Comedy, Fantasy","friendship, canada, concert, temple, shapeshifting, toronto, canada, coming of age, teenage girl, female protagonist, east asian lead, animal, domineering mother, perfectionist, aftercreditsstinger, chinese canadian, woman director, ancestor, boy band, mother daughter relationship, red panda","Sandra Oh, Ava Morse, Maitreyi Ramakrishnan, Rosalie Chiang, Hyein Park",Domee Shi,Disney Plus ,"Apple TV, Amazon Video, Google Play Movies, YouTube, Vudu, Microsoft Store, AMC on Demand ",,"Walt Disney Pictures, Pixar",https://www.disneyplus.com/movies/turning-red/4mFPCXJi7N2m
Bullet Train Down,86,English,"On its maiden run, the world's fastest bullet train is rigged with a bomb that will explode if it dips below 200 mph.",2022-08-01,Action,train,"Ryan Youngwoong Kim, Lesley Grant, Rashod Freelove, Xander Bailey, Tom Sizemore",Brian Nowak,Hoopla ,"Apple TV, Amazon Video, Google Play Movies, YouTube, Vudu, Microsoft Store, Redbox ","Apple TV, Amazon Video, Google Play Movies, YouTube, Vudu, Microsoft Store, Redbox ","The Asylum, Wave of the Wand Productions",movie_collection_data.csv
Thor: Love and Thunder,119,English,"After his retirement is interrupted by Gorr the God Butcher, a galactic killer who seeks the extinction of the gods, Thor Odinson enlists the help of King Valkyrie, Korg, and ex-girlfriend Jane Foster, who now wields Mjolnir as the Mighty Thor. Together they embark upon a harrowing cosmic adventure to uncover the mystery of the God Butcher’s vengeance and stop him before it’s too late.",2022-07-06,"Fantasy, Action, Comedy","hero, ex-girlfriend, superhero, greek mythology, based on comic, sequel, shadow, norse mythology, aftercreditsstinger, duringcreditsstinger, marvel cinematic universe (mcu), heroes, norse god, god of thunder, colorless, child abduction, thor","Tessa Thompson, Natalie Portman, Taika Waititi, Chris Hemsworth, Christian Bale",Taika Waititi,Disney Plus ,"Apple TV, Amazon Video, Google Play Movies, YouTube, Vudu, Microsoft Store, AMC on Demand ","Apple TV, Amazon Video, Google Play Movies, YouTube, Vudu, Microsoft Store, Spectrum On Demand ","Marvel Studios, Kevin Feige Productions",https://www.marvel.com/movies/thor-love-and-thunder
Hotel Transylvania: Transformania,92,English,"When Van Helsing's mysterious invention, the ""Monsterfication Ray,"" goes haywire, Drac and his monster pals are all transformed into humans, and Johnny becomes a monster. In their new mismatched bodies, Drac and Johnny must team up and race across the globe to find a cure before it's too late, and before they drive each other crazy.",2022-01-31,"Animation, Comedy, Family, Adventure, Fantasy","monster, vampire, transformation, aftercreditsstinger, duringcreditsstinger, human","Selena Gomez, Andy Samberg, Kathryn Hahn, Jim Gaffigan, Brian Hull","Jennifer Kluska, Derek Drymon",Amazon Prime Video ,"Apple TV, Amazon Video, Google Play Movies, YouTube, Vudu, Microsoft Store ","Apple TV, Amazon Video, Google Play Movies, YouTube, Vudu, Microsoft Store, Spectrum On Demand ","Sony Pictures Animation, Sony Pictures, MRC, Columbia Pictures",https://www.hoteltmovie.com
The Lost City,112,English,"Reclusive author Loretta Sage writes about exotic places in her popular adventure novels that feature a handsome cover model named Alan. While on tour promoting her new book with Alan, Loretta gets kidnapped by an eccentric billionaire who hopes she can lead him to the ancient city's lost treasure that featured in her latest story. Alan, determined to prove he can be a hero in real life and not just on the pages of her books, sets off to rescue her.",2022-03-24,"Action, Adventure, Comedy",duringcreditsstinger,"Channing Tatum, Da'Vine Joy Randolph, Sandra Bullock, Daniel Radcliffe, Brad Pitt","Adam Nee, Aaron Nee","Hulu, Paramount Plus, Paramount Plus Apple TV Channel , Paramount+ Amazon Channel ","Apple TV, Amazon Video, Google Play Movies, YouTube, Vudu, Microsoft Store, AMC on Demand ","Apple TV, Amazon Video, Google Play Movies, YouTube, Vudu, Microsoft Store, FlixFling, Spectrum On Demand ","Paramount, Fortis Films, 3dot Productions, Exhibit A Film",https://www.thelostcity.movie/
Suzume,123,Japanese,"Suzume, 17, lost her mother as a little girl. On her way to school, she meets a mysterious young man. But her curiosity unleashes a calamity that endangers the entire population of Japan, and so Suzume embarks on a journey to set things right.",2022-11-11,"Animation, Drama, Adventure, Fantasy","magic, door, natural disaster, calamity, travel, teenage girl, female protagonist, supernatural creature, enviromental, journey, anime","Nanoka Hara, Eri Fukatsu, Sairi Ito, Shota Sometani, Hokuto Matsumura",Makoto Shinkai,Crunchyroll Amazon Channel ,"Apple TV, Vudu, Microsoft Store ",Vudu ,"CoMix Wave Films, Story, Lawson Entertainment, East Japan Marketing & Communications, voque ting, KADOKAWA, Aniplex, TOHO",https://www.suzume-movie.com
Top Gun: Maverick,131,English,"After more than thirty years of service as one of the Navy’s top aviators, and dodging the advancement in rank that would ground him, Pete “Maverick” Mitchell finds himself training a detachment of TOP GUN graduates for a specialized mission the likes of which no living pilot has ever seen.",2022-05-24,"Action, Drama","fighter pilot, u.s. navy, sequel, nuclear weapons, military","Lewis Pullman, Glen Powell, Tom Cruise, Jon Hamm, Miles Teller",Joseph Kosinski,"Amazon Prime Video, MGM Plus Amazon Channel, Paramount Plus, Paramount Plus Apple TV Channel , Paramount+ Amazon Channel, MGM Plus Roku Premium Channel, MGM Plus ","Apple TV, Amazon Video, Google Play Movies, YouTube, Vudu, Microsoft Store, AMC on Demand ","Apple TV, Amazon Video, Google Play Movies, YouTube, Vudu, Microsoft Store, FlixFling, Spectrum On Demand ","Skydance Media, Don Simpson/Jerry Bruckheimer Films, Paramount",https://www.topgunmovie.com
Wifelike,106,English,"A grieving detective in the near-future hunts down criminals who trade artificial humans on the black market. In the fight to end AI exploitation, an underground resistance attempts to infiltrate him by sabotaging the programming of the artificial human assigned as his companion to behave like his late wife. She begins to question her reality as memories of a past life begin to surface in a world where nothing is as it seems.",2022-08-12,"Science Fiction, Mystery, Thriller","artificial intelligence (a.i.), robot girl, near future, robot wife","Sara Sampaio, Elena Kampouris, Agam Darshi, Doron Bell, Jonathan Rhys Meyers",James Bird,"fuboTV, Paramount Plus, Paramount Plus Apple TV Channel , Paramount+ Amazon Channel, Paramount+ Roku Premium Channel, Showtime, Showtime Apple TV Channel ","Apple TV, Amazon Video, Google Play Movies, YouTube, Vudu, Microsoft Store ","Amazon Video, Google Play Movies, YouTube, Vudu, Microsoft Store, Spectrum On Demand ","Steven Paul Production, Wonder Street, Front Street Pictures",movie_collection_data.csv
Leave,106,Norwegian,"A young woman tries to find her origins after having been abandoned as an infant at a cemetery wrapped in a cloth with satanic symbols, but as she gets closer to answers a malevolent spirit is telling her to leave.",2022-10-28,"Horror, Thriller",abandoned baby,"Alicia von Rittberg, Herman Tømmeraas, Kalle Hennie, Clarence Smith, Ellen Dorrit Petersen",Alex Herron,"AMC+ Amazon Channel, Shudder, Shudder Amazon Channel, Shudder Apple TV Channel ","Apple TV, Amazon Video, Google Play Movies, YouTube, Vudu ","Apple TV, Amazon Video, Google Play Movies, YouTube, Vudu ",Trollbound Entertainment,movie_collection_data.csv
M3GAN,102,English,"A brilliant toy company roboticist uses artificial intelligence to develop M3GAN, a life-like doll programmed to emotionally bond with her newly orphaned niece. But when the doll's programming works too well, she becomes overprotective of her new friend with terrifying results.",2022-12-28,"Science Fiction, Horror","artificial intelligence (a.i.), aunt niece relationship, evil doll, orphan, car accident, niece, robot, juvenile delinquent, doll, information leak, dead dog, nosy neighbor, hit by a car, dead parents, attacked by a dog, creepy doll, possessed doll","Allison Williams, Violet McGraw, Jenna Davis, Amie Donald, Ronny Chieng",Gerard Johnstone,Amazon Prime Video ,"Apple TV, Amazon Video, Google Play Movies, YouTube, Vudu, Microsoft Store, AMC on Demand ","Apple TV, Amazon Video, Google Play Movies, YouTube, Vudu, Microsoft Store, FlixFling, Spectrum On Demand ","Atomic Monster, Blumhouse Productions, Divide / Conquer, Universal Pictures",https://www.m3ganmovie.com
Galaxy Games,83,English,"A group of young adults are sent to a faraway planet to compete in the prestigious Sol Invictus games. When disaster strikes and the teams are stranded without equipment or communication, they must work together to survive long enough to be rescued.",2022-07-04,Fantasy,None,"Aaron Kuban, Spenser Pollard, Jake Brown, Caleb Courtney, Jake White",Ben Carland,,"Apple TV, Amazon Video, Google Play Movies, YouTube, Vudu, Redbox ","Apple TV, Amazon Video, Google Play Movies, YouTube, Vudu, Redbox ",High Octane Pictures,movie_collection_data.csv
Minions: The Rise of Gru,87,English,"A fanboy of a supervillain supergroup known as the Vicious 6, Gru hatches a plan to become evil enough to join them, with the backup of his followers, the Minions.",2022-06-29,"Animation, Comedy, Family","1970s, sequel, spin off, duringcreditsstinger, minions, gentleminions","Taraji P. Henson, Alan Arkin, Pierre Coffin, Michelle Yeoh, Steve Carell",Kyle Balda,Peacock Premium ,"Apple TV, Amazon Video, Google Play Movies, YouTube, Vudu, Microsoft Store, AMC on Demand ","Apple TV, Amazon Video, Google Play Movies, YouTube, Vudu, Microsoft Store, FlixFling ","Universal Pictures, Illumination",https://www.minionsmovie.com/
The Roundup,106,Korean,"The 'Beast Cop' Ma Seok-do heads to a foreign country to extradite a suspect, but soon after his arrival, he discovers additional murder cases and hears about a vicious killer who has been committing crimes against tourists for several years.",2022-05-18,"Action, Crime, Comedy, Thriller","vietnam, police, gangster, detective, sequel, murder investigation, international crime, 2000s, seoul, south korea, ho chi minh","Park Ji-hwan, Ma Dong-seok, Choi Gwi-hwa, Son Suk-ku, Heo Dong-won",Lee Sang-yong,"Rakuten Viki, AsianCrush, Midnight Pulp ","Apple TV, Amazon Video, Google Play Movies, YouTube, Vudu, Microsoft Store ","Apple TV, Amazon Video, Google Play Movies, YouTube, Vudu, Microsoft Store ","BA Entertainment, Hong Film, Big Punch Pictures",https://theroundup.capelight.de/
Terrifier 2,138,English,"After being resurrected by a sinister entity, Art the Clown returns to Miles County where he must hunt down and destroy a teenage girl and her younger brother on Halloween night.  As the body count rises, the siblings fight to stay alive while uncovering the true nature of Art's evil intent.",2022-10-06,"Horror, Thriller","halloween, clown, gore, resurrection, sequel, slasher, killer, killer clown, duringcreditsstinger, evil clown, halloween night, graphic violence, megaslasher","Lauren LaVera, Elliott Fullam, David Howard Thornton, Sarah Voigt, Kailey Hyman",Damien Leone,"Hoopla, Screambox, Screambox Amazon Channel ","Apple TV, Amazon Video, Google Play Movies, YouTube, Vudu, Microsoft Store, Redbox ","Apple TV, Amazon Video, Google Play Movies, YouTube, Vudu, Microsoft Store, Redbox, Spectrum On Demand ","Dark Age Cinema, Fuzz on the Lens Productions, Bloody Disgusting",http://www.terrifier2themovie.com/
Through My Window,112,Spanish,"Raquel's longtime crush on her next-door neighbor turns into something more when he starts developing feelings for her, despite his family's objections.",2022-02-04,"Romance, Drama, Comedy","based on novel or book, family business , stalking, class differences, toxic relationship, brothers, teen romance, family obligations, teenager","Julio Peña, Guillermo Lasheras, Clara Galle, Hugo Arbues, Natalia Azahara",Marçal Forés,"Netflix, Netflix basic with Ads ",,,Nostromo Pictures,https://www.netflix.com/title/81388078
Bullet Train,126,English,"Unlucky assassin Ladybug is determined to do his job peacefully after one too many gigs gone off the rails. Fate, however, may have other plans, as Ladybug's latest mission puts him on a collision course with lethal adversaries from around the globe—all with connected, yet conflicting, objectives—on the world's fastest train.",2022-08-03,"Action, Comedy, Thriller","mission, japan, assassin, based on novel or book, train, luck, deadly snake, duringcreditsstinger, one location, ridiculous","Andrew Koji, Brad Pitt, Aaron Taylor-Johnson, Brian Tyree Henry, Joey King",David Leitch,Netflix ,"Apple TV, Amazon Video, Google Play Movies, YouTube, Vudu, Microsoft Store, AMC on Demand ","Apple TV, Amazon Video, Google Play Movies, YouTube, Vudu, Microsoft Store, Spectrum On Demand ","87North Productions, Columbia Pictures",https://www.bullettrainmovie.com
Erik Stoneheart,105,Estonian,"Erik is convinced he has a stone for a heart. That’s why he doesn’t mind that his parents have no time for him, or that he is bullied at school, or that he has no real friends. When his family moves to a villa they inherited, he is confronted by Maria whom Erik's parents want to kick out along with her father. Maria refuses to move and promises to make Erik's life a living hell. As a last attempt to defeat Erik, Maria goes to look for her mother who disappeared two years ago. Together they end up on a fantastical journey to the In-Between-World and Erik learns how hard it really is to wear a heart of stone.",2022-12-05,"Family, Adventure, Fantasy",None,"Juhan Ulfsak, Florin Gussak, Jules Werner, Herman Avandi, Laura Peterson-Aardam",Ilmar Raag,,,,"Helsinki-filmi, ESSE Production House, Locomotive Productions, Studio Uljana Kim, Amrion, Paul Thiltges Distributions",movie_collection_data.csv
The Bad Guys,100,English,"When the Bad Guys, a crew of criminal animals, are finally caught after years of heists and being the world’s most-wanted villains, Mr. Wolf brokers a deal to save them all from prison.",2022-03-17,"Family, Animation, Adventure, Comedy","based on comic, based on graphic novel, duringcreditsstinger","Awkwafina, Marc Maron, Anthony Ramos, Craig Robinson, Sam Rockwell",Pierre Perifel,Amazon Prime Video ,"Apple TV, Amazon Video, Google Play Movies, YouTube, Vudu, Microsoft Store, AMC on Demand ","Apple TV, Amazon Video, Google Play Movies, YouTube, Vudu, Microsoft Store ","DreamWorks Animation, Scholastic Entertainment, dentsu",https://www.dreamworks.com/movies/the-bad-guys
The Woman King,135,English,"The story of the Agojie, the all-female unit of warriors who protected the African Kingdom of Dahomey in the 1800s with skills and a fierceness unlike anything the world has ever seen, and General Nanisca as she trains the next generation of recruits and readies them for battle against an enemy determined to destroy their way of life.",2022-09-16,"Action, Drama, History","africa, arranged marriage, warrior woman, based on true story, slave trade, duringcreditsstinger, woman director, military unit, 19th century, mother daughter reunion, freed slave, female warrior, west africa, weapons training","John Boyega, Viola Davis, Sheila Atim, Thuso Mbedu, Lashana Lynch",Gina Prince-Bythewood,Netflix ,"Apple TV, Amazon Video, Google Play Movies, YouTube, Vudu, Microsoft Store, AMC on Demand ","Apple TV, Amazon Video, Google Play Movies, YouTube, Vudu, Microsoft Store ","TriStar Pictures, JuVee Productions, Entertainment One, Welle Entertainment, TSG Entertainment II",https://www.thewomanking.movie/
The Batman,177,English,"In his second year of fighting crime, Batman uncovers corruption in Gotham City that connects to his own family while facing a serial killer known as the Riddler.",2022-03-01,"Crime, Mystery, Thriller","police, psychopath, secret identity, crime fighter, superhero, nightclub, politician, based on comic, vigilante, organized crime, serial killer, millionaire, social injustice, murder investigation, aftercreditsstinger, masked superhero, political corruption, neo-noir, vengeance, mayoral election","Robert Pattinson, Paul Dano, Zoë Kravitz, Jeffrey Wright, John Turturro",Matt Reeves,"Netflix, Max, Max Amazon Channel, Netflix basic with Ads ","Apple TV, Amazon Video, Google Play Movies, YouTube, Vudu, Microsoft Store, AMC on Demand ","Apple TV, Amazon Video, Google Play Movies, YouTube, Vudu, Microsoft Store, Spectrum On Demand ","6th & Idaho, Dylan Clark Productions, DC Films, Warner Bros. Pictures",https://www.thebatman.com
Ox-Head Village,115,Japanese,"Having launched a social media prank about a haunted building, three girls suddenly vanish. Rumours circulate that they were victims of The Ox-Head Village curse, triggering an investigation by two of their friends, desperate to find the truth about what has happened…",2022-02-18,"Horror, Drama, Mystery","missing person, japanese folklore","Rinka Otani, Fumiya Takahashi, Kōki, Riku Hagiwara, Haruka Imou",Takashi Shimizu,"Screambox Amazon Channel, AsianCrush ","Apple TV, Amazon Video, Google Play Movies, YouTube, Vudu ","Apple TV, Amazon Video, Google Play Movies, YouTube, Vudu ",Toei Company,https://ushikubi-movie.jp/
The Voyagers,108,Italian,Time jump to 1939 with teenager Max and his friends as they try to navigate Mussolini's Rome and find Max's missing brother.,2022-11-21,"Fantasy, Adventure, TV Movie","time travel, zeitreise","Fabrizio Gifuni, Andrea Gaia Wlderk, Matteo Schiavone, Francesca Alice Antonini, Fabio Bizzarro",Ludovico Di Martino,,,,"Groenlandia, Sky",movie_collection_data.csv
The Black Phone,103,English,"Finney Blake, a shy but clever 13-year-old boy, is abducted by a sadistic killer and trapped in a soundproof basement where screaming is of little use. When a disconnected phone on the wall begins to ring, Finney discovers that he can hear the voices of the killer’s previous victims. And they are dead set on making sure that what happened to them doesn’t happen to Finney.",2022-06-22,"Horror, Thriller, Crime, Drama","mask, small town, child abuse, dream, sibling relationship, kidnapping, sadistic, 1970s, supernatural, cellar, colorado, bullying, basement, serial killer, based on short story, alcoholic father, child kidnapping","E. Roger Mitchell, Madeleine McGraw, Mason Thames, Jeremy Davies, Ethan Hawke",Scott Derrickson,"Starz Apple TV Channel, Starz Roku Premium Channel, Starz, Starz Amazon Channel ","Apple TV, Amazon Video, Google Play Movies, YouTube, Vudu, Microsoft Store, AMC on Demand ","Apple TV, Amazon Video, Google Play Movies, YouTube, Vudu, Microsoft Store, Spectrum On Demand ","Universal Pictures, Blumhouse Productions, Crooked Highway",https://www.theblackphonemovie.com/
Prey,100,English,"When danger threatens her camp, the fierce and highly skilled Comanche warrior Naru sets out to protect her people. But the prey she stalks turns out to be a highly evolved alien predator with a technically advanced arsenal.",2022-08-02,"Thriller, Action, Science Fiction","hunter, native american, alien life-form, alien, prequel, decapitation, bear, dog, severed foot, bear attack, comanche, human vs alien, indigenous peoples, severed arm, dog hero, great plains","Stormee Kipp, Dakota Beavers, Amber Midthunder, Michelle Thrush, Julian Black Antelope",Dan Trachtenberg,Hulu ,,,"20th Century Studios, Davis Entertainment, Lawrence Gordon Productions",https://www.20thcenturystudios.com/movies/prey
Babylon,189,English,"A tale of outsized ambition and outrageous excess, tracing the rise and fall of multiple characters in an era of unbridled decadence and depravity during Hollywood's transition from silent films to sound films in the late 1920s.",2022-12-22,"Drama, Comedy","elephant, gambling, gambling debt, movie business, orgy, cocaine, champagne, alcoholism, hollywood, alcoholic, filmmaking, movie star, silent film star, 1920s, old hollywood, fading star, sex","Flea, Diego Calva, Jean Smart, Margot Robbie, Brad Pitt",Damien Chazelle,"Amazon Prime Video, fuboTV, MGM Plus Amazon Channel, Paramount Plus, Paramount Plus Apple TV Channel , Paramount+ Amazon Channel, MGM Plus Roku Premium Channel, MGM Plus ","Apple TV, Amazon Video, Google Play Movies, YouTube, Vudu, Microsoft Store, AMC on Demand ","Apple TV, Amazon Video, Google Play Movies, YouTube, Vudu, Microsoft Store, Spectrum On Demand ","Paramount, Marc Platt Productions, Material Pictures, C2 Motion Picture Group, Wild Chickens, Organism Pictures",https://www.babylonmovie.com/
Violent Night,111,English,"When a team of mercenaries breaks into a wealthy family compound on Christmas Eve, taking everyone inside hostage, the team isn’t prepared for a surprise combatant: Santa Claus is on the grounds, and he’s about to show why this Nick is no saint.",2022-11-30,"Action, Comedy, Crime, Fantasy","holiday, santa claus, mercenary, saving christmas, booby trap, duringcreditsstinger, christmas","David Harbour, John Leguizamo, Alexis Louder, Beverly D'Angelo, Alex Hassell",Tommy Wirkola,Amazon Prime Video ,"Apple TV, Amazon Video, Google Play Movies, YouTube, Vudu, Microsoft Store, AMC on Demand ","Apple TV, Amazon Video, Google Play Movies, YouTube, Vudu, Microsoft Store, FlixFling, Spectrum On Demand ","87North Productions, Universal Pictures, Original Pictures, dentsu",https://www.violentnightmovie.com
That Time I Got Reincarnated as a Slime the Movie: Scarlet Bond,108,Japanese,"A long-running conspiracy is swirling over a mysterious power wielded by the Queen in Raja, a small country west of Tempest. When a slime who evolved into a Demon Lord named Rimuru Tempest crosses paths with Hiiro, a survivor of the Ogre race, an incredible adventure packed with new characters begins. The power of bonds will be put to the test!",2022-11-25,"Animation, Fantasy, Adventure","slime, reincarnation, demon, goblin, anime, other world","Miho Okasaki, Makoto Furukawa, Sayaka Senbongi, Megumi Toyoguchi, Tomoaki Maeno",Yasuhito Kikuchi,"Crunchyroll, Crunchyroll Amazon Channel ",,,"8bit, Bandai Namco Filmworks, Sony Music Solutions, Bandai Spirits, Kodansha, MICRO MAGAZINE, Bandai Namco Music Live, BS11, ADK Marketing Solutions, Nippon Television Network Corporation, Lantis",movie_collection_data.csv
Luck,105,English,"Suddenly finding herself in the never-before-seen Land of Luck, the unluckiest person in the world must unite with the magical creatures there to turn her luck around.",2022-08-05,"Animation, Adventure, Comedy, Fantasy","superstition, bad luck, leprechaun, computer animation, female protagonist","Eva Noblezada, Simon Pegg, Flula Borg, Whoopi Goldberg, Jane Fonda",Peggy Holmes,Apple TV Plus ,,,"Skydance Animation, Skydance Animation East, Skydance Animation",https://tv.apple.com/movie/umc.cmc.5w6fq1u39v7ozsdv3jkx0nrfs
Sniper: The White Raven,120,Ukrainian,"Mykola is an eccentric pacifist who wants to be useful to humanity. When the war begins at Donbass, Mykola’s naive world is collapsing as the militants kill his pregnant wife and burn his home to the ground. Recovered, he makes a cardinal decision and gets enlisted in a sniper company. Having met his wife’s killers, he emotionally breaks down and arranges “sniper terror” for the enemy. He’s saved from a senseless death by his instructor who himself gets mortally wounded. The death of a friend leaves a “scar” and Mykola is ready to sacrifice his life.",2022-05-03,"War, Action, Drama","eastern europe, europe, donbass war, russian invasion of ukraine, 2010s, ukraine, war, war in ukraine, russo-ukrainian war","Pavlo Aldoshyn, Roman Semysal, Andrii Mostrenko, Roman Yasinovskyi, Maryna Koshkina",Marian Bushan,"fuboTV, Paramount+ with Showtime, Paramount Plus Apple TV Channel , Paramount+ Amazon Channel, Showtime Roku Premium Channel, Hoopla, Showtime, Showtime Apple TV Channel ","Apple TV, Amazon Video, Google Play Movies, YouTube, Vudu, Microsoft Store ","Apple TV, Amazon Video, Google Play Movies, YouTube, Vudu, Microsoft Store ",UM Group,movie_collection_data.csv
